﻿Description,Cost
Roberto Cavalli Real Python Jacket 46 Exotic Skin Snakeskin,$750.00
New Spring/ Fall Men's Cargo Jacket Casual Lapel Coat Solid Fashion Outwear Gift,$30.31
USB Electric Heated Jacket Vest 4 Zone Warm Up Heating Pad Cloth Body Warmer 18z,$17.98
The North Face Men's Outdoor Full Zip Hybrid Jacket / TNF Black / RRP £100,$50.96
Harley Davidson Men's Blouson CUIR Skull Reflective Jacket Biker Leather Jacket,$41.25 to $120.00
Vintage Camel Cigarettes Windbreaker Jacket Tyvek 90s Joe Camel Size XL,$19.98
Cyberpunk Samurai 2077 Costume Hooded Jacket Men's Black Genuine Leather Jacket,$87.25 to $126.52
Nike AIR JORDAN 4 IV Flight Jacket XL Full Zip Vintage 90’s Mesh Coat,$149.00
Ferrari jacket Adult F1 Vintage Racing jacket Embroidered UniSex,$90.00
Men's Lightweight Linen Cotton Jacket Summer Leisure Blazer Coat Breathable Soft,$17.99 to $18.29
"CLASSIC JEAN JACKET - SOLIDS, logo button detail at Talbots MSRP 129$, Free Ship",$49.00
Vintage The North Face Goose Down 700 Coat Men’s Size L Black Puffer Jacket,$149.99
Men’s Letterman Donovan Mitchell Varsity jacket - Multicolor HBCU Patches Jacket,$99.99
Angeltown Vintage 50s Navy Ex -Waves Embroidered Jacket,$189.97
Mens Lightweight Windbreaker Water Resistant Hooded Jacket Rain Wind S-3XL NEW!,$24.99 to $29.99
AGNONA Women's Pink 96% Cashmere/4% Wool Coat Jacket Blazer (Size 46) Italy,$275.00
60s Style Washed Indigo Blue French Jacket Workwear Chore Herringbone Cotton,$76.37
Barbour men's Sapper wax jacket medium olive cotton MWX0020OL71 LJKTC247,$191.07
MONTIREX TREK WINDBREAKER MENS TEAL GREY JACKET UK MTX-TREK-J12 RRP £65 AD,$32.59
MenS Military Tactical Jacket Soft Shell Hooded Functional Multi-pockets Coat,$46.00 to $49.00
Mens Batman Motorcycle New Black Cowhide Armored Biker Leather Racing Jacket,$159.99 to $189.99
Jungle Jacket Military Paratrooper Cargo Coat Men's Multi Pocket Casual Tops,$29.75
Men Spring Fall Casual Thin Jacket Lightweight Sportswear Full-Zip Coat * +,$9.64 to $22.55
Tactical Jacket Mens Waterproof Military Coat Soft Shell Work Windbreaker Jacket,$26.59 to $28.49
Men‘S Lightweight Windbreaker Hooded Waterproof Rain Jacket Casual Outwear,$13.64
Mens Classic Location Mod Coat Jacket Tartan Lining Soft S-5XL,$22.87
The North Face Men's Outdoor Full Zip Hybrid Jacket / BNWT / Tradewinds Grey,$44.59
H&M x The Simpsons Oversized Fit Teddy Jacket Green ALL SIZES AVAILABLE S M L,$139.00
Winter Men's Faux suede Short Jacket Casual Fleece Coat Warm Lapel Outwear Thick,$35.06
New Spring/ Fall Men's Zipper Jacket Casual Round Neck Coat Side Pocket Outwear,$26.50
"Ladies Full Zip Jacket Polar Micro Fleece with Pockets Womens XS-XL, 2XL, 3XL",$19.50 to $26.99
Vtg Suede Leather Womens Coat Jacket W Gucci Link Chains Buttons 90s Deranged,$44.50
"Regatta Ladies Mens Waterproof Breathable Lightweight jacket Pack it in car, bag",$13.95 to $17.77
J.Press Tweed Herringbone Norfolk Jacket,$169.99
CHORE French Herringbone Cotton Twill Worker Work Jacket - Blue XS S M L XL,$44.52
Men Motorcycle Jackets Waterproof Cordura Textile Jacket Motorbike CE Armoured,$63.68
KATHMANDU HELI MENS DOWN 600 FILL PUFFER JACKET MUSTARD YELLOW LIGHT TRAVEL XXL,$65.76
Berghaus SMALL S Mens Deluge Pro 2.0 Waterproof Hydroshell Jacket (Black) NEW,$63.70
Vtg Shenandoah American Furnace and oil Bomber Jacket Industrial Men’s Large,$24.92
Classic Vintage Black Soft Lambskin Leather Motorcycle Jacket for Men,$149.99
Men Winter Warm Sherpa Fleece Hoodie Zip UP Sweater Jacket Fur Lined Hooded Coat,$9.77 to $23.10
Schoffel Rutland Full Zip Fleece Jacket Windstopper Polartec Green Large,$82.00
The North Face Men's Baretti Jacket / Tourmaline Blue / BNWT / Medium / RRP £110,$47.12
NBA Men's Boston Celtics Starter Premium Satin Green Varsity Bomber Jacket,$27.50 to $109.99
GAP Jacket Medium 23x25 Rugged Corduroy Trucker Workwear Faded Brown Oversized,$98.50
Enzo Womens Denim Jacket Ladies Stretch Casual Button Up Classic Jeans Coat UK,$28.01 to $30.56
Mens Windproof Waterproof Hooded Coat Full Zip Lined Rain Jacket Lightweight M,$9.99 to $12.99
Adult Unisex Zip Plain Fleece Hoodie Hooded Jacket Mens Sweatshirt Jumper XS-8XL,$9.63 to $12.95
Harley Davidson Men's Trenton Mesh Riding Jacket Motorcycle Mesh Fabric Jacket,$32.85 to $85.41
Men's Genuine Suede Leather Jacket Bomber Biker Style Slim Fit Coat,$104.84
"Adult F1 Vintage Racing Jacket, Embroidered Cotton Padded , Ford Jacket Black",$75.00
Winter Coat Men's Faux Lamb Shearling Sheep Skin Flying Jacket/,$8.22 to $32.87
John Rocha Zipped Jacket - Men’s Size Large,$25.47
Mens Duck Down Jacket Winter Ultralight Coat Hooded Puffer Jacket Bubble Coats,$22.30
Mens Denim Jacket Cotton Coat Trucker Button Classic Jacket Western Slim Fit,$33.35
UV Protection Cooling Fan Jacket Workwear Air Conditioned Clothes With Fans,$35.99
Redbull jacket Adult F1 Vintage Racing jacket Embroidered UniSex Nascar,$90.00
HARRINGTON JACKET MENS CLASSIC RETRO SCOOTER 1970'S VINTAGE BOMBER MOD COAT TOP,$17.77 to $22.92
"Mens Polar Fleece Jacket Soft Low Pill Full Zip S - XL, 2X, 3X, 4X, 5X, 6X NEW!",$22.99 to $42.99
New Roberto Cavalli Size 44 Women's Leather Jacket NOS,$580.00
BIG MENS Hooded Zip Front Jacket Pockets Windbreaker Water Resistant XL 2X 3X 4X,$36.70
"Big Mens Wind Breaker Water Resistant Reflective Piping Unlined XL, 2X, 3X 4X 5X",$19.95 to $29.95
Mens Hooded Full Zip Jacket Windbreaker with Pockets Water Resistant RED 6XL,$44.99
Mens Wind Breaker Jacket Lightweight Reflective Piping Water Resist S - 5XL NEW,$17.95 to $29.95
Mens New Denim Jacket Full Fleece Lined Warm Collared Outer Wear Sizes S-L,$53.11
Mens Denim Jacket Loose Fit Button Cotton Casual Jeans Jackets Coat Outwear Size,$7.63 to $18.92
WINTER EXTRA THICK MENS FLEECE HEAVY DUTY WORK JACKET PADDED ANTI PILL FULL ZIP,$12.73 to $38.20
The North Face Hydrenaline Woven Shorts Or Jacket Mens TNF Black S-XL Mix&Match,$32.09 to $80.24
Mens Rain Jacket Waterproof Casual Lightweight Windbreaker Plain Full Zip Coat,$17.80
Mens Fleece Jacket Full Zip Up Outdoor Warm Micro Polar Anti Pill Work Outdoor,$8.90
Men's Casual Blazer Coat Jacket Tops Slim Fit Business Formal One Button Suit,$25.29
AVIREX Men's Real Bomber Jacket American Flight White Leather Jacket,$105.74
Mens Brando Motorbike Genuine Leather jacket Black Marlon Classic Jacket,$99.99
Mens Hooded Zip Front Jacket Pockets Windbreaker Water Resistant XS-XL 2X 3X 4X,$33.70 to $39.70
100% Genuine Python Snake Skin Bomber Jacket XXL See Measurements,$750.00
Escada Wool Alpaca Blend Jacket Mink Fur Trim Brown Size 44 US 14 Large,$250.00
M-65 Field Jacket Olive Drab OD GREEN US Army Vet Navy Seabees Military Veteran,$99.99 to $122.99
Harley-Davidson Men's 120th Amalgam Triple Vent System Motorcycle Leather Jacket,$52.50 to $142.50
New 1980s East German olive army raincoat military coat trenchcoat NVA DDR GDR,$37.94
ZARA MAN NWT FW23 EMBROIDERED JACKET ECRU MULTICOLOURED ALL COLORS 0881/455,$139.90
Mens Lightweight Jacket Casual Full Zip Multi Pockets Cotton Coat Size S to 2XL,$12.73 to $22.92
MENS BOMBER JACKET MA1 ARMY PILOT BIKER MILITARY SECURITY PADDED HARRINGTON COAT,$19.10 to $31.83
New Night Reflective Jackets Double Fabric Windbreaker Hooded Jacket Men Hip Hop,$43.25 to $44.01
UV Protection Cooling Fan Jacket Workwear Air Conditioned Clothes With Fans,$35.99
DLX Mens Ski Jacket Slim Fit Down Touch Filling Removable Hood Franklin,$100.63 to $127.38
MIG Mens Classic Micro Fleece Jacket Full Zip - WINTER WARM CASUAL OUTDOOR COAT,$26.74 to $38.20
Leather Motorbike Motorcycle Jacket Touring With Genuine CE Armour Biker Thermal,$101.90
Official Team Suzuki Classic Softshell Jacket,$44.57
Mens Windbreaker Full Zip Jacket Light Weight Sizes S M L XL 2XL 3XL 4XL NEW,$19.95 to $21.95
"Big Mens TALL Polar Fleece Jacket Full Zip Pockets XLT, 2XLT, 3XLT NEW",$28.99 to $36.99
New Spring/Fall Men's zipper Jacket Casual Hooded Coats Sport Outwear Fashion,$24.61
"KTM Red Bull ""Carve"" Padded Jacket (Large) - 3RB230048004",$54.00
French Style Chore Jackets - 330gsm Cotton Twill - XS S M L XL 2XL 3XL,$76.37
Adidas Mens Climaheat Fleece Full Zip Jacket / BNWT / Grey / RRP £95,$25.48
Harley-Davidsons hazard waterproof jacket orange color mens new,$150.00
Vintage Porsche Racing Jacket Black Embroidered Cotton Padded F1 Porsche Jacket,$74.99
New Men's The North Face Black Apex Bionic Jacket (Small to 4XL),$83.99
Mens Jacket Smart Causal Bomber Jacket Men Spring Jackets for Men UK Black Navy,$25.47 to $33.11
Wind Shirt Jacket Mens V Neck Lined Sport Tek Pockets XS-4X Golf Baseball,$17.99 to $26.99
Woolrich True Vtg 100% Wool Chore Shirt Jacket Red Black Buffalo Plaid 70s M/L,$44.50
Men’s Women Boston Celtics Green Satin Varsity Basketball Bomber Men Jacket BNWT,$75.00 to $90.00
New Fashion Men's Faux Leather Motorcycle jacket Casual PU lapel Outwear Coats,$29.17
Men Floral Printing Jacket Stand Collar Zipper Loose Casual Fashion Coat Fashion,$39.80
Bomber Jacket MA1 Flight Pilot US Air Force Military Style Padded Coat Biker Top,$43.30 to $64.96
Tienda Ho Danielle Jacket Petrol,$115.00
ZARA NEW MAN BNWT SS24 EMBROIDERED JACKET LIMITED EDIT. MULTICOLOR S-XL 0881/455,$139.50
Harley Davidson Men’s CLASSIC ORANGE CRUISER Jacket Biker Genuine Leather Jacket,$37.50 to $119.25
MENS JACKET CLASSIC TRENDY VINTAGE RETRO SCOOTER 1970'S BOMBER MOD COAT TOP NEW,$17.82 to $20.37
MENS WAX PADDED COUNTRY OUTDOOR SHOOTING FISHING FARMING BODYWARMER JACKET COAT,$34.38 to $48.40
Men's Mossy Oak Camouflage Hunting Hiking Fishing Hooded Outdoor Activity Jacket,$34.38 to $35.66
Men Winter Warm Sherpa Fleece Hoodie Zip UP Sweater Jacket Fur Lined Hooded Coat,$9.77 to $23.10
Men Long Coat Casual Loose Design Solid Trench Men Fashion Male Jackets New,$36.39
NEW MENS ADIDAS ORIGINALS SUPERFIRE TREFOIL TRACK JACKET ~SIZE SMALL #IU0116,$42.50
Autumn Jacket Men Embroidery Streetwear Slim Fit Baseball Collar Jackets Coats,$86.69 to $94.01
Summer Jacket Old School Canterbury Blouson English Jacket Caro Butter XS-4XL DE,$28.18 to $36.85
Harley Davidson Men's Trenton Mesh Riding Jacket Motorcycle Mesh Fabric Jacket.,$22.00 to $76.50
Men's Real Lamb Leather Trucker Jacket Contrast Thread Levi's Style Biker Jacket,$120.00 to $135.00
Amazon Flex Vest Safely Identify to guard and concern citizens M/L XL 4XL 5XL,$19.50 to $24.50
Ladies Plus Size Microfleece Jacket Heather Full Zip Womens Coat XL 2XL 3XL 4XL,$34.99 to $37.99
Columbia - Women's Tipton Peak Insulated Jacket -186457 Black Sz: Small NWT,$32.29
Columbia - Women's Tipton Peak Insulated Jacket -186457 Black Sz: Small NWT,$32.29
Vtg 80s Jacket Womens Small Windbreaker Bomber Great Cavalier Red/White Retro,$17.80
Vtg Hersheys Chocolate World Food Service team Satin bomber Varsity jacket 70s,$31.15
Kappa 3031QC0 222 Banda 10 Ahran Jacket in Red Bordeaux & Black,$44.99
Summer Jacket Old School Canterbury Blouson English Jacket Caro Butter XS-4XL DE,$28.18 to $36.85
Harley Davidson Men's Trenton Mesh Riding Jacket Motorcycle Mesh Fabric Jacket.,$22.00 to $76.50
Henry Cotton's Mens Cotton Blazer Jacket Designer Casual Smart Coat - RRP £190,$31.83
Amazon Flex Vest Safely Identify to guard and concern citizens M/L XL 4XL 5XL,$19.50 to $24.50
MENS JACKET CLASSIC TRENDY VINTAGE RETRO SCOOTER 1970'S BOMBER MOD COAT TOP NEW,$17.82 to $20.37
Mens Waistcoat Coat Hoodie Quilted Vest Sleeveless Padded Jacket Winter Warm Top,$26.95
Mens Waterproof Jacket Hooded Raincoat Windproof Stormbreak Rain Coat Zipped,$12.73
Harley Davidson Men's Dauntless Convertible 2 in 1 Genuine Cow Leather Jacket,$41.25 to $120.00
Mens Brando Motorbike Genuine Leather jacket Black Marlon Classic Jacket,$99.39 to $134.89
Ladies Two Tone Hooded Wind Jacket Womens Windbreaker XS S M L XL 2XL 3XL 4XL,$29.99 to $32.90
Eddie Bauer Legend Blazer Cut Jacket Coat Outerwear Olive Green Sz 2 Gently Used,$17.80
Team Elite Capital City Adult Unisex Hoodie,$50.00
ARRIS Men`s Heated Jacket with 2023 7500MAH Battery Pack Windproof&Waterproof,$134.98
Men's Thick Zip Up Hooded Hoodie w Winter Sherpa Fur Jumper Coat Jacket Sweater,$19.89
Metallic Jacket for Men's Solid Zipper Sparkle Shiny Hooded Windbreaker Casual,$30.68
Men's Real Lamb Leather Trucker Jacket Contrast Thread Levi's Style Biker Jacket,$120.00 to $135.00
Adidas Mens Future Icon Woven 1/4 Zip Jacket / Green / RRP £50,$28.03
Tactical Outdoor Polar Fleece Jacket Hunting Clothes Warm Coat Sweater Jumper,$29.64
Bomber Jacket MA1 Flight Pilot US Air Force Military Padded Biker Coat Olive,$43.30 to $64.96
UNIQLO Utility Short Blouson 470989 Jacket XS-4XL Black Natural Olive NEW F/S,$95.49
"Regatta Men's Maland Waterproof Jacket, Blue",$50.89
Canada goose expedition heritage parka size L,$499.00
Mens Harrington Jacket Tartan Lining Bomber TOP Skin Fashion 1970'S Vintage Coat,$24.19
Mens Jacket Classic Harrington Coat Casual Retro Scooter Vintage Bomber Mod Coat,$59.00
Vtg Helly Hansen Tech Equipe Ski Winter Jacket L Teal Vented mens Unisex Lghtwgt,$62.30
Women's Vtg SANTA FE USA 11 12 Black Leather Western 80's Jacket Coat Talon Zip,$44.99
Columbia - Women's Tipton Peak Insulated Jacket - 186457 Black Sz: Medium NWT,$32.29
US Army Gen 3 Level 7 PCU ECW PrimaLoft Cold Weather GREEN Parka Jacket RUN BIG,$211.00
Regatta Professional Eco Ablaze Softshell Jacket TRA728,$24.14
Reggae Rasta Jacket with 3 Stripes Rasta Color and Lion of Judah Enbroidery,$42.03
Harley Davidson Men's Motorcycle Knuckle Distressed Biker Genuine leather Vest,$35.04 to $88.33
Trespass Mens Waterproof Jacket with 2 Zip Pockets Tarrant,$45.85
ZARA NEW MAN EMBROIDERED JACKET - LIMITED EDITION S-XL 0881/455,$139.66
Filson Ranger Crewman Jacket 20248729 Light Tan Short Khaki Work Dry Wax Lined,$69.99 to $99.99
Green Hill Hoodie Jacket Classic Fleece Suit Man Comfortable Sports Embroided,$34.99
Mens TALL Anti-Pill Polar Fleece Jacket Full Zip Pockets LT XLT 2XLT 3XLT 4XLT,$46.95 to $52.95
"Carhartt Duck Detroit Jacket NEW! with tags CT103828 BROWN Size Men’s L, XL, XXL",$109.99
ex Marks & Spencer Mens Cotton Blend Mac Jacket,$38.15
Mens Biker Jacket Black Motorcycle Punk Knight Denim Coat Casual Jean Outwear,$65.24
Canada goose expedition heritage parka size XL,$500.00
Mens Outdoor Vest Multi-pockets Waistcoat Hiking Fishing Sleeveless Jackets Soft,$5.69 to $22.66
Vintage 1960s Dutch Army grey ike jacket short Military coat cropped style,$35.78
Tactical Winter Jacket Men Army Camouflage Airsoft Coat Waterproof Windbreaker,$44.25
Vintage 90s Reebok Pro Line Green Bay Packer Puffer Parka Jacket Coat Men's XL,$29.99
New Mercedes-Benz AMG Outdoor Bomber Jacket Fan Embroidery Apparel,$62.42
LL Bean 3 In 1 Jacket Mens Large Gray Insulated Nylon Tek Outdoors Puffer,$68.88
M65 Jacket Vintage US Army Military Field Top Combat Lined Coat Camo Olive Green,$66.23 to $85.34
H2 Heron Preston Reversible Bomber Jacket (Sizes Options In Description),$145.00
NWT Scarface Satin Men’s Reason Bomber Embroidered Jacket Black & White Sz L,$39.97
Retro Corduroy Jacket Men's Coat Casual Work Coat Brown Top Overcoats,$191.20
Splatoon 3 Jacket SALMON RUN Nintendo TOKYO Japan Official S M L XL,$101.83
LOL 2024 Spring CompetitionLCK Uniform Jersey Team T1 Faker TShirt Zipper Jacket,$51.23
Mens Fleece Jacket New Plain Full Zip Up Heavy Outdoor Warm Polar Anti Pill Work,$19.07
New German Trachten Jacket Charcoal Grey Oktoberfest Lederhosen Bavarian Jacket,$74.99
Pour Le Sport Men's Vintage Mottled Brown Leather Bomber Flight Jacket,$79.95
Mens Pullover STRETCH Windshirt Jacket Moisture Wicking SportWick 1/2 Zip NEW,$39.99 to $47.99
"Mens Wind Breaker Staff Jacket Nylon Snap Front Coat S, M, L, XL, 2XL, 3XL, 4XL",$22.95 to $29.95
Enhanced Visibility Wind & Water Resistant Safety Jacket with Reflective Taping,$57.99 to $66.99
"BIG MENS Vest Pockets Polar Microfleece Warm Sleeveless Jacket XL, 2XL, 3XL, 4XL",$21.55 to $25.55
Vtg Members Only Jacket Men's XLT Blue Windbreaker Iconic Cafe Racer Hong Kong,$24.92
Ariat® Men's Logo New Team Mexico Black Softshell Jacket 10043055,$95.97
New German Trachten Jacket Charcoal Grey Oktoberfest Lederhosen Bavarian Jacket,$74.99
"Lyle & Scott Men's Hooded Pocket Jacket, Blue",$61.08
FROGG TOGGS CLASSIC ALL SPORTS RAIN JACKET BLUE BLACK STONE MEN S-XXL WATERPROOF,$18.69
Canada goose expedition heritage parka size XL,$500.00
Polo Black Biker Café Racer Leather Jacket Coat Moto,$138.00
Lamborghini Black jacket Adult F1 Vintage Racing jacket Embroidered UniSex Nasca,$90.00
Men's Down Jacket Long Style Hooded Couples Casual Coat Winter Warm Loose,$106.33 to $108.34
Ladies Plus Size Polar Fleece Vest Zipper Pockets Warm Womens Jacket XL 2X 3X 4X,$21.99 to $23.99
New LUCKY BRAND 2 Blue Pinstripe Button Dress Casual Business Blazer Jacket,$24.99
Vintage 80s San - Da 100% Leather Colorblock Oversized Bomber Jacket,$79.96
Mens Soft Polar Fleece Vest Sleeveless Jacket Warm Winter Coat S-2XL 3XL 4XL NEW,$24.99 to $34.99
The Weeknd XO x Roots x Daniel Arsham House of Balloons Varsity Jacket 1/50,$471.85
Mens Leather Casual Biker Jacket Coat Soft Motorcycle Genuine Biker Style Fit,$85.34
LOL 2024 Spring CompetitionLCK Uniform Jersey Team T1 Faker TShirt Zipper Jacket,$51.23
BESTSELLER New! Copper Rivet H Quality Life Code Silver Print Windbreaker Jacket,$44.99 to $59.99
Men Coat Kimono Cardigan Japanese Top Loose Yukata Jacket Casual Outerwear Cape,$24.08
Vintage Ferrari Marlboro Racing Jacket Y2K Size M,$390.00
MENS B3 RAF AVIATOR SHEEP SKIN LEATHER BOMBER WINTER FLYING PILOT JACKET COAT UK,$116.24
New Mens The North Face Black Eco Thermoball Full Zip Jacket Coat Puffer Matte,$119.83
Wolverine Men Guardian Cotton Work Jacket Apparel,$30.99
AVIREX Men's Bomber Jacket American Flight Royal Blue Lamb Real Leather Jacket,$33.75 to $101.25
Mens Biker Jacket Black Motorcycle Punk Knight Denim Coat Casual Jean Outwear,$65.24
Mens Waterproof Tactical Soft Shell Jacket Coat Army Windbreaker Outdoor Tops,$8.21 to $32.13
"BIG MENS Polar Fleece Vest Sleeveless Jacket Soft Warm Winter XL, 2XL, 3XL, 4XL",$27.99 to $34.99
NWT Good American Better Than Leather Oversized Chore Jacket Brown Size 3 Large,$80.10
NWT Ultracor Signature atomic Neon logo tape Track jacket P3112,$80.10
PRANA DIVA M Green Teal Quilted Ribbed Sherpa Lined Zip Snow Casual Jacket Vest,$24.99
Men's Metallic Jacket Lightweight Zip Up 70s Disco Shiny Jackets Baseball Bomber,$27.59
Vineyard Vines Lightweight Puffer Vest,$45.00
Men's Denim Varsity Jacket,$49.95
Coat Overcoat Jacket Outwear Blazer Pockets Formal Lapel Wool Long Sleeve Warm,$33.99
Firetrap Grid Quilted Jacket Ladies Coat - Black - All sizes,$25.47
Ben 10 Ryan Kelley Ben Tennyson Green Leather Jacket,$109.60
KTM Unbound 2-in-1 Thermo Jacket (X-Small) - 3PW210017201,$164.62
Women's KAVU S Blue Fleece Hoodie Kangaroo Zip Pull Over Hooded Jacket Coat Top,$24.99
Men's Lightweight Black Puffer Jacket WATERPROOF,$42.51 to $50.48
Men Warm Duck Down Jacket Ski Snow Thick Hooded Puffer Coat Parka Quilted Winter,$5.22 to $25.20
Mens Coat Corduroy Suit Jacket Smart Casual Notch Lapel Cord Blazer Slim Fit,$62.65 to $69.02
Uniqlo+J Jil Sander Wool Blend Oversized Shirt Jacket Men Japan L Size/US M Size,$89.00
Greyson Trailwolf Lightweight Windproof Golf Jacket Mens M L XL Stingray New,$99.99
Columbia Titanium OutDry Extreme Diamond Piste Jacket Multi Sz & Color $650,$319.00
Carhartt Men's Duck Detroit Winter Jacket NWT 2020,$107.99 to $109.99
"carhartt detroit jacket, vintage, purple XL",$89.90
"Under Armour Men's Storm Armour Down 2.0 Jacket, Black",$92.93
NWT The North Face Men’s Puffer Jacket 2000/XXL,$99.00
Mens Lambretta ShowerProof Classic Harrington MOD Scooter Jacket Sizes S to 3XL,$50.94
Abez Men's Royal Blue Double Breasted Croc Embossed Genuine Leather Blazer Coat,$160.98 to $174.98
Men's Hooded Denim Jacket Hip Hop Jeans Coat Casual Outerwear Hoodies Tops,$36.39
New Men's Designer Drive Scorpion Stylish Satin Fitted Ryan Gosling Movie Jacket,$56.04
HARRINGTON JACKET MENS CLASSIC RETRO SCOOTER 1970'S VINTAGE BOMBER MOD COAT TOP,$19.10 to $25.47
Men’s Red Label Premium Faded Denim Cotton Jean Button Up Slim Fit Jacket,
Levi's The Trucker Jacket Sherpa Lined Port Wine NWT Size M,$45.00
Alfani Mens Lightweight Warm Outerwear Shirt Jacket Coat BHFO 8102,$11.49 to $15.99
Vtg 1995 Dartmouth College Bathrobe Smoking Jacket Ivy League University OneSize,$24.92
SALE! Sport-Tek Ladies Moisture Wick Fleece Full Zip Jacket in BLACK SIZE:SMALL,$19.99
Vtg ETIREL Ski Snowboard Freestyle Jacket Sz M/L Abstract 80s 90s Tye Dye Stars,$26.70
Abercrombie & Fitch Corduroy/Plaid Lined Bomber Jacket Womens SZ L Brown Y2K VTG,$34.44
Moschino Pret A Porter 1989-1990 Real Leather Blazer Jacket Sz 40 Large Black,$600.00
Billabong Ski 8K Winter Jacket Womens M Hooded Lined Black Multicolor Print,$75.00
Men Coat Punk Long Jacket Gothic Steampunk Hooded Trench Halloween Cloak Costume,$26.69
Ralph Lauren Polo Men's Barracuda Twill Jacket,$229.99
New Mens Track Top Zip Up Jacket Microfibre Breathable Running Tracksuit Coat,$10.18
Moose Knuckles Suit Garment Cover super thick and traveling,$35.00
Hyundai N Performance Blue Men's Bomber Jacket,$120.00
MENS VARSITY BOMBER JACKET CASUAL LETTERMAN JACKET SNAP FRONT WATERPROOF JACKET,$25.95 to $30.95
Men's Denim Varsity Jacket,$49.95
MENS PARKA PARKER PADDED LINED WINTER JACKET FAUX FUR HOODED COAT NEW S-XL,$33.11 to $39.48
Mens Biker Leather Jacket Genuine Leather Zipped Motorcycle Style Leather Coat,$48.40
Mens Harrington Jacket Jack & Jones Rush Collared Bomber Light Coat S-2XL,$31.83
Unisex Waterproof WindBreaker Jacket Hoodie Lightweight Sun Protection Thin Coat,$16.50 to $19.50
MENS MA1 JACKET ARMY PILOT BIKER BOMBER SECURITY FLIGHT MILITARY DOORMAN COAT,$31.83
Mens Windbreakers Rain Jacket Waterproof Casual Plain Top Full Zip Coat S - 3XL,$17.80
HARRINGTON JACKET MENS CLASSIC RETRO SCOOTER 1970'S VINTAGE BOMBER MOD COAT TOP,$19.10 to $25.47
Softshell Jacket Work Outdoor Windproof Water Resistant Casual Golf Mens Thermal,$25.47 to $26.74
Jacket Leather Biker Slim Fit Men Mens S Black Vintage Coat Winter Motorcycle 2,$50.00 to $138.00
Metallic Jacket for Men's Solid Zipper Sparkle Shiny Hooded Windbreaker Casual,$30.68
New Revolutionary War Regimental Frock Continental Army Navy Blue Coat,$219.00
Vintage Graphic Hoodie Jacked Western Cowboy Loose Indian Yellowstone Bison,$38.20
Mens Nike Gym Athletic Club Swoosh Hoodie Hooded Sweatshirt Full Zip New,$46.17
New BMW S1000RR Fleece Jacket Racing Sport Embroidered Apparel S-3XL,$54.90
New Men's Captain's Frock Coat Black pirate wool coat,$226.99
LEVI'S Men's Regular-Fit Corduroy Trucker Jacket Sizes L XL XXL New,$61.20
2024 Craghoppers Mens Orion Waterproof Jacket Full Zip Walking Hiking Duke of Ed,$50.89
Dickies Mens Work Jacket Lightweight Work Coat Pro Cordura Hi Viz Hard Wearing,$19.04
Mens Bomber Jacket Jack & Jones Classic Lightweight Casual Pacific Light Coat,$31.83
NEW MENS UK MADE MA1 ARMY MILITARY AIR FORCE PADDED DOORMAN ZIP UP BOMBER JACKET,$28.01 to $30.56
Men's Nike Sportswear Blue PSG Hooded Jacket Medium RRP £85 Paris,$38.20
Men's Soft Shell Fleece Jacket Waterproof Outdoor Work Windproof Casual Jackets,$25.47 to $26.74
Dickies Men's TJ15 Insulated Lined Quilted Eisenhower Zip Up Work Jacket,$74.88 to $77.88
Soft Shell Fleece Lined Waterproof Windproof Outdoor Work Jacket Coat Golf Men's,$25.47 to $28.01
Genuine Jaguar Men's Heritage Leather Jacket Brown 50JMLEATHERJKT,$76.42
Men's Varsity Baseball Jacket Casual Bomber Jacket Windbreaker Lightweight Coat,$25.99 to $28.99
New Mens Carhartt Duck Detroit Jacket Work Coat CT103828 - Pick Size and Color,$107.95 to $109.95
Vance Men's Heavy Duty Trucker Denim Button Front Jacket,$44.50
Nike Air Jordan Essential Puffer Jacket (DQ7348 680) Men Bordeaux NEW,$127.69
Mens Softshell Bodywarmer Sleeveless Jacket Gilet Body Warmer Work Fleece Lined,$21.64
Men's King Ranch Kineno Brush Jacket BRAND NEW w/ tags Size Large,$45.00
Tactical Recon Fleece Jacket Army Hoodie Security Police Hoody Combat Full Zip,$30.56
USGI Dakota Outerwear 4308 Ocp Insulated OCP Camo Parka Split Hood Size Large,$40.00
adidas men Essentials Warm-Up 3-Stripes Track Jacket,
adidas women Primegreen Essentials Warm-Up Slim 3-Stripes Track Jacket,
The North Face 1996 Retro Nuptse Jacket Coal Brown,$190.00
adidas men BSC 3-Stripes Puffy Hooded Jacket,$72.00
adidas women Holidayz Jacket,$51.00
Mens Fleece Jacket Full Zip Up Polar Work Outdoor Warm Anti Pill Coat Top Pocket,$17.69 to $18.97
Motorcycle Leather Jacket Motorbike Genuine Black Biker With CE Armour Black,$108.27
adidas men Own the Run Jacket,$45.00
Slim Size Men's Softshell Bodywarmer Sleeveless Jacket Gilet Body Warmer Fleece,$14.20 to $17.76
"Sanctuary green military jacket with gold embellishments, women's size small",$10.00
"arcteryx beta lt jacket (mens, medium, perfect condition, black, goretex)",$226.78
ALL SAINTS mens Small - Black Leather Ramones Shirt Jacket,$125.00
Tactical Recon Full Zip Fleece Jacket Army Hoodie Security Police Hoody Combat,$25.47 to $26.74
Lulu Define Jacket Sport LUON with secure pockets Black/ White All Sizes NWT,$43.99 to $45.99
Men's Summer Lightweight Suit Jacket Ice Silk Anti-Wrinkle Breathable US,$4.99 to $13.89
MENS Regatta Fleece Full Zip Jacket Highton Hiking Activewear Outdoors RRP60 503,$25.47 to $31.83
MENS Regatta Fleece Full Zip Jacket Highton Hiking Activewear Outdoors RRP60 503,$25.47 to $31.83
Men’s Stylish Old Money Classic Collared Warm Leather Jackets,$30.19 to $33.21
Men's Tactical Jacket Full-Zip Outdoor Hiking Coat Waterproof Cargo Work Jacket,$45.99
NEW MENS DENIM JEAN JACKET D555 Classic Western Style Trucker Jacket,$29.29 to $31.83
Lulu Define Jacket Sport LUON with secure pockets Black/ White All Sizes NWT,$43.99 to $45.99
UK Stock Mens Brando Vintage Motorcycle Biker Black Genuine Leather Biker Jacket,$19.11 to $76.42
Mens Renaissance Coat Halloween Jacket Pirate Steampunk Costume Size Medium,$29.95
Mens Lightweight Jacket Classic Casual Plain Bomber Summer Zip Up New Ex Coat,$16.52
MENS DENIM JACKET JEAN JACKET DUKE CLASSIC WESTERN STYLE TRUCKER SIZE SMALL-8XL,$35.61 to $44.52
Bomber Jacket MA1 Flight Pilot US Air Force Military Padded Biker Coat Navy Blue,$43.30 to $64.96
"Nautica Men's Mix Media Jacket GRAY XXL,XL,L,M BLACK XXL,XL,L,M BLUE XXL NWT",$59.99
TRIUMPH MOTORCYCLE BASEBALL CAP. BLACK WITH LOGO AND RED PIPEING.,$17.69
Kuhl Burr Mens Jacket Brown Medium Rustic Full Zip Cotton,$89.16
Waterproof Tactical Soft Shell Mens Jacket Coat Army Military Jacket Windbreaker,$26.55 to $29.63
UNIQLO Utility Short Blouson 470989 Jacket XS-4XL Black Natural Olive NEW F/S,$95.49
MENS FLEECE JACKET Full Zip up with Pocket Outdoor Work Classic FLEECE JACKET UK,$16.55
Men Waterproof Rain Jacket Hooded Breathable Lightweight Windbreaker Outwear,$22.60
Mens Ex Summer Bomber Jacket Smart Premium Light Weight Coat Big Size S-4XL,$16.54
Men's PU Leather Jacket Motorcycle Biker Bomber Coat Stand Collar Outwear Zip,$35.52
Portwest US440 Classic Waterproof Rain Jacket Lightweight Coat Pack Away Hood,$24.69 to $25.23
GENUINE US GI CVC TANKER JACKET COLD WEATHER HIGH TEMP RESISTANT SM.Reg. SM.S.,$149.00
Mens Showerproof Jacket Regular Fit Lightweight Hooded Travel Windbreaker Coat,$17.82 to $20.37
New Men's Unisex Adult Half-Zip Fleece Jumper Pullover Stand Collar Jacket Shirt,$11.26
PLAIN NO TEXT Classic FLEECE Jacket Full Zip Work Wear Warm Casual HQ Clothing P,$14.00
Air Force Flight Jacket CWU-45P Tactical Flyers Pilot Coat Military Bomber,$63.99 to $67.99
Softshell Jacket - TROJAN Executive Grey Softshell Jacket,$25.41
Men's Jacket Windproof Hooded Neck Light Weight Wind Breaker Jackets for Men,$19.10
Security Staff Workwear Uniform Water-Resistant Warm 2-Layer Softshell Jacket,$29.24
Workwear Harrington Jacket with Tartan Lining Mens Zip Up Classic Bomber Coat,$21.64 to $31.83
Mens Fleece Jacket New Plain Full Zip Up Heavy Outdoor Warm Polar Anti Pill Work,$15.27 to $29.29
"Men's Ascender, NEW Columbia 155653 Softshell Jacket, S, M, L, XL, 2XL, 3XL",$68.99 to $84.99
Men's Retro Scooter 1970's Vintage Harrington Jacket Classic Bomber Mod Coat Top,$28.01 to $29.29
Regatta Proffesional NHS Embroidered Fleece Jacket Personalise Available,$35.61
Wyoming Traders Mens Oil Skin Concealed Carry Zip Up Canvas Ranch Wear Jacket,$105.95
"Regatta Men's Andreson VIII Hybrid Jacket, Blue",$44.52
Soft Shell Waterproof Tactical Jacket Army M65 Military Light M-65 Field Coat,$103.99 to $113.99
Rothco Generation III / Level 3 ECWCS Military Fleece Jacket (Choose Sizes),$53.99 to $55.99
Regatta Mens Lyle IV Lightweight Waterproof Packaway Jacket RMW283,$25.47
Men's Winter Warm Down Quilted Vest Body Sleeveless Padded Jacket Coat Winter,$8.73 to $17.09
Mens Retro Cowhide 100% Real Leather Jacket Zipper Motorcycle Short S-6XL Coat,$154.31
Fort Flex Waterproof Work Jacket & Trousers Olive Green PU TRICOT Fabric (S-3XL),$44.52
Men's Water Resistant Polar Fleece Lined Hooded Windbreaker Rain Jacket,$35.69
Filson Ultralight Jacket 20114879 Olive Branch Orca Gray Grey Dark Primaloft CC,$69.99 to $139.99
Ralph Lauren Golf Jacket Mens Medium Blue Full Zip Short Fit Classic WACHOVIA,$34.99
Red Tornado 11MJ Denim Jacket Rinsed 18oz Selvedge Jean Rugged Cowboy Outerwear,$109.99
Carhartt Jacket Mens Green Hooded Shoreline Storm Defender Full Zip J162 Outdoor,$84.98
Brave Soul Mens Bomber Jacket Regular Fit Long Sleeve Outdoor Summer Wear Jacket,$20.37
Mens Hybrid Jacket Fleece plain pockets full Zip Anti Pill Work Casual Heavy Top,$19.06
Regatta Pack It Jacket III Waterproof Lightweight Carry Bag MENS WOMENS,$22.92
Jacket Woman Carhartt X 'Sid Blazer (Black Rinsed) SIZE S,$56.46
R.M. Williams $549 S M L XL XXL XXL XXXL Mens 2-in-1 Range Jacket Olive New Tags,$259.06
Combat Army Smock Military Style Hooded Jacket Airsoft Shooting Hoodie Anorak,$38.20
Titleist Golf Rain Jacket Pants Waterproof Set Mens TSMR1592,$114.99
Mens Fort Flex Tear-Resistant Waterproof Jacket | Taped Seams & Concealed Hooded,$29.24
Unisex Plain Rain Coat Mac Kagoul Jacket Water Resistant Hooded Cagoul Adults UK,$10.82 to $17.82
Dunkin Donuts Collared Zipper Jacket Dunkin' Logo Black Medium,$24.95
"Guess Men Gloss Puffer jacket Hooded size M , L , XXL new with tag",$101.99
"Ellesse Men's Mont 2 Overhead Jacket, Black",$67.95
Brave Soul Mens Black Jacket Lightweight Casual Long Sleeve Jacket for Men,$25.47
MFCT Techwear Jacket Men Streetwear Black Hooded Waterproof Windbreaker,$47.00
Mens Wind Breaker Jacket Lighweight Hooded Full Zip Long Sleeve Jackets S-2XL,$15.27
MFCT Techwear Jacket Men Streetwear Black Hooded Waterproof Windbreaker,$47.00
Levi's Men's Button Front Cotton Denim Trucker Jean Jacket Black 0405,$74.85
Mens Retro Cowhide 100% Real Leather Jacket Zipper Motorcycle Short S-6XL Coat,$154.31
Unisex Plain Rain Coat Mac Kagoul Jacket Water Resistant Hooded Cagoul Adults UK,$10.82 to $17.82
Champion Fleece Full-Zip Jacket Mens Script Logo Corduroy High Pile Heavyweight,$37.99
Dunkin Donuts Collared Zipper Jacket Dunkin' Logo Black Medium,$24.95
Titleist Golf Rain Jacket Pants Waterproof Set Mens TSMR1592,$114.99
"Ellesse Men's Mont 2 Overhead Jacket, Black",$67.95
"Guess Men Gloss Puffer jacket Hooded size M , L , XXL new with tag",$101.99
Tapout Men's Track Top Jacket S M L XL 2XL XXL Workout Jacket Jacket MMA UFC New,$24.92
Hi Vis Puffer Workwear Vest Zip Up w Reflective Tape Quilted Puffy Tradie Jacket,$23.22
Men's Winter Velvet Thickened Outdoor Invader Soft Shell Tactics Windproof,$65.33 to $85.49
Personalised Embroidered Full Zip Micro Fleece Jacket Your Text Unisex Adult Top,$24.19 to $25.47
Men's Waterproof Windbreaker Zipper Jacket Hoodie Light Sports Outwear Coat Tops,$6.83 to $11.83
MENS PADDED SHIRT FUR LINED LUMBERJACK FLANNEL WORK JACKET WARM THICK CASUAL TOP,$25.47 to $26.74
Men Windbreaker Thin Breathable Jacket Hooded Sun-proof Lightweight Coat ↷,$11.60
The North Face Mens Cyclone Lightweight Jacket / Green Spring / RRP £80,$66.24
Mens Jacket Metallic Sweatshirt Club Dance Party Outwear Shiny Dailywear Loose,$21.83
Ukrainian Combat Jacket Rip-Stop Original Summer Military Field Tactical Jacket,$119.90 to $124.90
Highlander MA2 Bomber Jacket Removable Faux Fur Collar Padded Petrol,$31.83
Fruit of the Loom Men's Premium Full Zip Up Sweatshirt Jacket Casual Leisure TOP,$27.35
Safety Rain Jacket Reflective Green Hi-Vis Raincoat Rainjacket w Hood S-5XL,$37.00
New Lightweight Unisex Kagoul Rain Coat Jacket Mac Kagool Cagoule S-XXL,$11.45
MA1 Flight Bomber Jacket Combat Army Military Air Force US Pilot Skin MOD Padded,$42.03 to $64.96
Victorious Men's Washes Distressed Denim Vest Sleeveless Jacket S~5XL -DK101,$32.95 to $41.95
Mens Only & Sons Bomber Jacket Lightweight Windbreaker Coat Casual Jacket S-2XL,$25.47
Personalised Custom Embroidered Your Text Fleece Jacket Full Zip Micro Work Wear,$24.19 to $25.47
Mens Casual Denim Loose Fit Button Cotton Jacket Jeans Jackets Coat Outwear Siz,$20.00
Green Stonewashed Funky Jacket Goth Cotton Light Men's Elf Pointed Hippie Hoodie,$50.94 to $63.68
Men's Unisex Thick Zip Up Jacket Jumper w Winter Sherpa Fur Fleece Coat Sweater,$16.57
Waterproof Jacket Raincoat Hiking Camping Fishing Hunting Army Camo Camouflage,$22.92
TUFFSTUFF Sutherland Windbreaker Waterproof Breathable Windproof Lined 295,$44.57 to $45.08
60s Style French Navy Blue Cotton Twill Canvas Chore Worker Jacket - All Sizes,$76.37
"Italian Army O.D. Green Field Jacket Sizes S &M, good-very good cond., free ship",$26.75
The Port Authority of NY & NJ George Washington Bridge Jacket L Employee NYC,$50.00
Original Austrian BH army combat mountain jacket ripstop military olive drab OD,$38.19
"Regatta Ladies Mens Waterproof Lightweight jacket Pack it in car, bag, festivals",$19.08
New Womens Ladies Quilted Padded Hooded Warm Puffer Reversible Jacket,$25.47
New 2023 FERRARI Black Embroidery EXCLUSIVE JACKET suit F1 team racing M-XXL,$55.99
Mens Game Barker Wax Jacket with Detachable Hood | Premium Antique Waxed Cotton,$63.63
Raoul Duke Jacket Fear And Loathing In Las Vegas Depp Hunter S Thompson Costume,$84.50 to $90.26
Eddie Bauer Men's Down Packable Jacket Microlight Sizes S-3XL Olive 650 Fill New,$64.99
Bomber Jacket MA2 Lightweight Flight Army Military CWU Flying Air Force Top,$29.29 to $43.30
CORSIVO Mens Suit Jacket Grey 40 S Pin Dot Ariele Wool Blazer,$31.83
Propper® Gen III Fleece Jacket,$49.99
Ex Mens Rain Waterproof Jacket Casual Full Zip Pocket Plain Windproof Coat,$17.80
Regatta Mens Womens Stormbreak Rain Coat Waterproof Jacket Packable Hooded,$16.50 to $17.64
Nike ACG Rain Jacket Mens XL Gray Full Zip Wind Shell Hooded Nylon Storm,$49.95
Woolrich Vintage Down Filled Parka Jacket Coyote Fur Hood Button Front Men's L,$126.34
Genuine German Army Olive BW Parka Long Lined Hooded Winter Field Jacket Used,$44.57 to $70.05
RAINS Unisex Sz L/XL Navy Blue Reflective Waterproof Jacket NEW $110,$50.00
Men Blazer Leather Jacket Formal Dress Business Coat Wedding Motor Slim Fit,$64.72 to $66.38
Lambretta Monkey Mens Striped Collar Regular Fit Zipped Bomber Jacket,$41.50
The North Face Men Valley Twill Utility Shacket - Almond Butter Size Large L NWT,$59.99
Vintage Carhartt PB1492 Blanket Lined Made Jacket Size Medium Made In USA B4,$125.00
Soft Shell Fleece Lined Waterproof Windproof Outdoor Work Jacket BLACK & NAVY,$26.74
Uniqlo White Mountaineering Recycled Hybrid Down Jacket XS-4XL Japan 459677,$97.50 to $118.00
Lightweight Jacket MA2 CWU US Air Force Flight Bomber Military Coat Black Top,$29.29
Dodgers Blue Satin Bomber Varsity Jacket Full Snap Letterman Jacket,$29.99 to $99.99
Mens Casual Jacket Windproof Bomber Jackets Winter Zip Up Lightweight Jacket,$25.47
Genuine French military Felin F3 smock jacket CCE ripstop hooded surplus NEW,$72.03
Mens New Denim Jacket Fleece Lined New Warm Outer Wear with Fleece Hood XS S M L,$55.10
Gerry Men’s Welded insulated Light Weight Puffer Jacket Black-Blue-Green/ M-2XL,$34.99
Barbour Wax Thornproof Dressing 200ml Tin Wax Jacket Water Proofer,$22.74
Men's Luxury Faux Fur Coat Jacket Winter Warm Long Coats Overwear Outwear ；,$11.96 to $25.25
Windproof Men's Military Tactical Jacket Outdoor Waterproof Multi-pocket Hooded,$64.99
Regatta Classic Softshell Jacket Personalised Embroidered Logo - Custom Workwear,$31.85 to $50.96
Fear and Loathing in Las Vegas Hunter Thompson Field Jacket by Magnoli Clothiers,$640.00
2 Piece Mens Waterproof Rain Suit Set Jacket & Trousers S M L XL 2XL 3XL 4XL UK,$16.55
Eddie Bauer Men's Down Packable Jacket Microlight Size Medium Black 650 Fill NEW,$49.95
Men's Jacket Lightweight Lined 100% polyester bomber Style baggy sleeves S-3XL,$11.45 to $19.10
Ariat Men's Logo 2.0 Patriot Black Concealed Carry Jacket- 10037439,$114.36
Varsity Letterman Solid Black wool Genuine Leather Sleeves bomber college Jacket,$89.99
Mens Tactical Coat Combat Windbreaker Jacket Hooded Coat Outdoor Jacket Tops,$7.50 to $29.99
Mens Solid Hoodie Long Jacket Cardigan Casual Trench Cloak Cape Coat Outwear,$5.36 to $20.18
Men's Spring and summer Thin Breathable Loose Fashion Casual Jacket Coat,$37.58
Tommy Hilfiger Men's Red Burgundy Quilted Packable Puffer Jacket $195,$71.99
Men Outdoor Vest Multi-Pockets Waistcoat Hiking Fishing Sleeveless Soft Jackets,$5.50 to $21.96
PERSONALISED LIGHTWEIGHT HOODED WINDCHEATER RAIN JACKETS COAT S-XXL LADIES MENS,$19.75 to $23.57
NWT $198 J. CREW Navy Blue L men's Boiled merino wool coach's sweater-jacket,$125.00
812-7 Latex Rubber Gummi hoody raincoat Jacket Coat hat outwear customized 0.7mm,$159.00
UNIQLO Utility Short Blouson 459592 XS-4XL Black Brown Natural Olive 5 COLORS,$96.99 to $135.99
Brave Soul Mens Prestwich Corduroy Jacket Borg Collar Button Up Winter Coat S-XL,$31.83
NWT Filson Unlined Denim Short Cruiser Rinsed Indigo Blue Mens Button USA 2XL,$150.00
Armani Exchange A|X $220 Men's Navy Blue Stretch Fabric Sport Coat Blazer 38,$69.29
US Army Gen III Cold Weather Jacket Fleece ACU UCP Polartec ECWCS L3 Foliage,$34.95
Plus size Men's Denim Vest zipper pocket Jacket Solid Sleeveless Coat Waistcoat,$35.06 to $38.86
Mens Casual Fashion Jacket Slim Fit Outerwear Zipper Baseball Jackets,$18.39
Men Chic Jacket Tail coat Goth Steampunk Victorian Nightclubs Wedding Party new,$42.73
Genuine Portwest Classic Waterproof Rain Jacket Hooded-Cagoule Winter Coat S440,$5.41 to $21.59
MADCAP MENS RETRO 70s MOD SLIM Trucker WESTERN JACKET Cord CORDUROY Woburn MC512,$69.43
SALE Hard Yakka Legends Sherpa Comfy Fleece Jacket With Free Beanie Work Y06518,$58.42
Trespass Qikpac X Unisex / Mens / Womens Waterproof Packaway Jacket with Bag,$31.78
HI VIS Puffer Jacket w Reflective Tape Removable Hood Fleece Padded Safety Coat,$31.85
Hoggs of Fife - Mens Stenton Fleece Jacket,$60.18
Ritemate Pilbara Sherpa Lined Check Jacket - RPP 69.99 - FREE POST,$46.49
Propper® Gen III Fleece Jacket,$49.99
Men's Winter Warm Hooded Soft Coat Thick Jacket Top Padded Jacket Comfort Casual,$38.26
Mens Retro Cowhide 100% Real Leather Jacket Zipper Motorcycle Short S-6XL Coat,$154.31
Mens Lambretta Contrast Panel Retro Zip Up Hooded Coat Jacket Sizes M to 4XL,$50.94
Hunter S Thompson Jacket Fear And Loathing In Las Vegas Field Raoul Duke Costume,$84.50
"Timberland Men's Serpa Fleece Sweatshirt, Black",$76.37
Mens Goatskin Leather Vegetable Tanned Motorcycle Biker Jacket Retro Slim Fit,$219.00
Bomber Jacket MA2 Flight Army Military Security CWU Flying Air Force Fur Collar,$57.31 to $64.96
Hi Vis Safety Jacket w Removable Hood Zipped Pocket Reflective Workwear Jumper,$13.25
"Ben Davis Mechanic’s Jacket Quilted lining Zipper Front Jacket, 3Colors",$89.00 to $93.00
Brave Soul Sanjay Mens Bomber Jacket Long Sleeve Zip Up Lightweight Outdoor Coat,$21.64
Columbia Powder Lite Insulated Jacket 169800 S-3XL Puffer Black Navy,$109.19 to $131.03
"32 Degrees Men’s Full Zip Jacket, Blue, XL",$22.95
Ritemate Pilbara Canvas Sherpa Lined Jacket - RPP 99.99 - FREE POST,$46.49
Men's Outwear Sweater Winter Slim Hoodies Warm Hooded Sweatshirt Coat Jacket,$26.80
Levi’s Men’s Sherpa Denim Trucker Jacket Mustard 16365-0044 S small nwt,$74.39
TAILCOAT JACKET MORNING COAT NAVY WEDDIING ROYAL ASCOT HERRINGBONE FORMAL WOOL,$75.16 to $113.38
"Signature by Levi Strauss & Co. Men's Trucker Sherpa Jacket Medium Wash, Size M",$35.99
Mens MA1 Bomber Jacket US Army Air Force Women Military Pilot Flight Casual Coat,$61.99
Uniqlo White Mountaineering Recycled Hybrid Down Jacket XS-4XL Japan 459677,$97.50 to $118.00
Ladies Womens Plain Zip Up Hoodie Sweatshirt Fleece Jacket Hooded Top UK 8 To 22,$9.55 to $18.84
PERRY ELLIS mens jacket NAVY BOMBER JACKET RAIN BREAKER ZIP UP M 42 NWT $99,$24.99
Jack & Jones Jacket Mens Puffer Hoodie Jacket Sports Full Zip Jacket Black,$25.47
PERRY ELLIS mens jacket NAVY BOMBER JACKET RAIN BREAKER ZIP UP M 42 NWT $99,$24.99
Jack & Jones Jacket Mens Puffer Hoodie Jacket Sports Full Zip Jacket Black,$25.47
Kariban Mens Fleece Jacket Full Zip Up Heavy Outdoor Warm Polar Anti Pill Work,$16.55
Raincoat Men Black Waterproof Long Rain Coat Hooded Trench Jacket Outdoor Hiking,$5.99 to $18.99
"32 Degrees Men’s Full Zip Jacket, Blue, XL",$22.95
Harington Jacket Skinhead 1970 Style Biker Bomber Scooter Vintage Retro MOD Top,$28.01 to $35.66
Ritemate Pilbara Canvas Sherpa Lined Jacket - RPP 99.99 - FREE POST,$46.49
Levi’s Men’s Sherpa Denim Trucker Jacket Mustard 16365-0044 S small nwt,$74.39
TAILCOAT JACKET MORNING COAT NAVY WEDDIING ROYAL ASCOT HERRINGBONE FORMAL WOOL,$75.16 to $113.38
"Signature by Levi Strauss & Co. Men's Trucker Sherpa Jacket Medium Wash, Size M",$35.99
NWT Men's J. Crew Nordic Sherpa Fleece Shirt Jacket / Navy Blue / Multiple Sizes,$54.99
Ladies Womens Plain Zip Up Hoodie Sweatshirt Fleece Jacket Hooded Top UK 8 To 22,$9.55 to $18.84
Fort Flex Waterproof Work Jacket & Trousers Navy PU TRICOT Fabric (Sizes S-XXXL),$44.52
MENS WOMEN LADIES UNISEX POLAR POLO FLEECE JACKET ANTI PILL MICRO WORK COAT TOP,$19.10
Champion Women's Puffer Jacket Lightweight Insulated Classic Script Logo Patch,$37.99
Mens The North Face NF Apex Bionic 3 Windwall Softshell Coat Jacket New,$88.58
Mens Solid Hoodie Long Jacket Cardigan Casual Trench Cloak Cape Coat Outwe〕,$6.47 to $25.10
Men's Outwear Sweater Winter Slim Hoodies Warm Hooded Sweatshirt Coat Jacket,$26.80
Mil-Tec Brand U.S. Military style OD M64 Vietnam jungle jacket lightweight BDU,$63.04
🍩 Dunkin Donuts | DunKings Track Jacket Super Bowl Commercial | Small/Medium🍩,$149.99 to $169.99
